client_id,attending_prob
c00029531,0.4345
c00089184,0.7605
c00107911,0.637
c00120284,0.3964
c00172159,0.3329
c00179477,0.443
c00183214,0.6191
c00225661,0.2643
c00291796,0.5291
c00294554,0.4467
c00299242,0.5209
c00300712,0.3058
c00337040,0.559
c00357506,0.6736
c00393920,0.5697
c00401687,0.5564
c00410670,0.4131
c00465784,0.552
c00509838,0.4397
c00518945,0.5343
c00532485,0.7349
c00535214,0.5527
c00553254,0.7639
c00560010,0.5062
c00596864,0.5431
c00598175,0.5399
c00616301,0.8893
c00638804,0.8566
c00648948,0.5713
c00649722,0.6894
c00663960,0.6796
c00674729,0.529
c00782002,0.5305
c00818935,0.863
c00833036,0.5793
c00890618,0.4975
c00978232,0.5098
c01014842,0.498
c01015052,0.4538
c01126511,0.5028
c01166714,0.4378
c01177833,0.461
c01198107,0.4385
c01227485,0.6371
c01276241,0.5671
c01337228,0.4749
c01387757,0.9216
c01433560,0.6822
c01438080,0.564
c01495048,0.5012
c01610798,0.5618
c01618200,0.5379
c01644836,0.4702
c01655775,0.5074
c01781741,0.5326
c01841929,0.5354
c01867981,0.5673
c01871767,0.5276
c01901558,0.7559
c01908983,0.4992
c01954099,0.6407
c02067682,0.461
c02119821,0.6823
c02144467,0.2229
c02174057,0.5761
c02187955,0.7963
c02200509,0.4365
c02242552,0.6552
c02262781,0.4713
c02328119,0.904
c02340567,0.5758
c02341506,0.7262
c02389430,0.498
c02405918,0.5711
c02425944,0.6213
c02443671,0.8361
c02460175,0.5474
c02504130,0.5792
c02526560,0.5029
c02551979,0.6224
c02650788,0.711
c02667553,0.4423
c02770094,0.3235
c02866010,0.6625
c02874836,0.567
c02892165,0.57
c02903251,0.721
c02913998,0.4674
c02929868,0.6129
c02970429,0.7123
c03031803,0.4905
c03032105,0.3749
c03092101,0.4629
c03099172,0.5806
c03132954,0.8452
c03135138,0.7972
c03147210,0.8549
c03175563,0.5544
c03194578,0.4951
c03195987,0.6056
c03212663,0.8324
c03220112,0.6311
c03247420,0.4819
c03285665,0.6778
c03373422,0.4859
c03401924,0.8555
c03415716,0.7886
c03417665,0.8705
c03522355,0.5782
c03571895,0.7311
c03577587,0.6177
c03591755,0.6068
c03654923,0.4995
c03666139,0.543
c03707758,0.3336
c03741950,0.4855
c03815259,0.5727
c03818049,0.8361
c03849410,0.5548
c03852281,0.5981
c03854474,0.5935
c03877908,0.7328
c03898688,0.7448
c03912502,0.4567
c03925062,0.7987
c03967707,0.723
c03981438,0.8034
c04003122,0.6365
c04038598,0.6065
c04040932,0.6285
c04105959,0.4923
c04124402,0.5538
c04161960,0.6821
c04175246,0.5782
c04184713,0.4809
c04225789,0.4027
c04262021,0.4944
c04271416,0.5637
c04295653,0.6525
c04308168,0.4617
c04309936,0.5509
c04328048,0.5895
c04340806,0.4937
c04355465,0.9002
c04384019,0.5351
c04392882,0.5133
c04493932,0.5447
c04509051,0.4977
c04516569,0.717
c04525029,0.6024
c04590468,0.5699
c04619130,0.5692
c04654679,0.8691
c04689514,0.8232
c04747426,0.5997
c04751026,0.9113
c04753665,0.6434
c04760465,0.8658
c04811878,0.9957
c04824109,0.5626
c04843924,0.4165
c04846092,0.4936
c04879564,0.4449
c04885813,0.5852
c04903276,0.52
c04906870,0.3893
c04950953,0.6143
c05032179,0.7883
c05104315,0.6654
c05120166,0.5001
c05125865,0.5972
c05158377,0.9772
c05161705,0.3448
c05191622,0.5482
c05208849,0.5195
c05280585,0.5668
c05354496,0.4405
c05444525,0.4765
c05463877,0.6008
c05497421,0.4698
c05508633,0.4999
c05527749,0.5297
c05550124,0.4976
c05585972,0.6223
c05648846,0.7679
c05741277,0.6308
c05805263,0.8882
c05812655,0.5319
c05826688,0.4755
c05897016,0.5521
c05923785,0.4428
c06008109,0.5818
c06021757,0.6257
c06056892,0.4496
c06097978,0.7655
c06159587,0.8237
c06182511,0.6014
c06250939,0.7499
c06273127,0.4781
c06288546,0.5599
c06393729,0.5479
c06410683,0.461
c06410889,0.5428
c06458486,0.3715
c06489105,0.7899
c06545556,0.6881
c06582293,0.4947
c06654551,0.5452
c06667516,0.4698
c06811370,0.7898
c06855463,0.8379
c06856827,0.4163
c06992835,0.6357
c06998952,0.4337
c07004061,0.4807
c07011868,0.4384
c07037366,0.5573
c07043913,0.7233
c07139121,0.5748
c07162352,0.4672
c07174414,0.4454
c07276045,0.7351
c07289160,0.3545
c07297494,0.4674
c07305936,0.8107
c07321001,0.4909
c07367290,0.4256
c07403230,0.6759
c07435416,0.3822
c07538329,0.6228
c07557122,0.5382
c07641100,0.4913
c07646268,0.5965
c07694182,0.8427
c07706867,0.5316
c07709392,0.7799
c07719477,0.4132
c07733347,0.6657
c07767641,0.4705
c07883857,0.4911
c07940741,0.6269
c07955650,0.4911
c08007864,0.6965
c08023233,0.6256
c08062355,0.31
c08183162,0.4661
c08202985,0.6781
c08223211,0.8418
c08231893,0.5474
c08237195,0.5529
c08266133,0.6707
c08281720,0.6259
c08298125,0.5075
c08311157,0.4473
c08315179,0.5681
c08371566,0.4959
c08431968,0.5558
c08454244,0.5451
c08478225,0.4443
c08494324,0.7341
c08509284,0.4838
c08511933,0.4653
c08540946,0.5103
c08585435,0.4687
c08622930,0.582
c08656622,0.3462
c08722064,0.8827
c08776588,0.6447
c08824817,0.4465
c08838079,0.5616
c08875453,0.3758
c08876451,0.428
c08878214,0.566
c08929164,0.5592
c08929546,0.8407
c08972511,0.5719
c09036857,0.7856
c09045666,0.5761
c09077731,0.5499
c09114991,0.6194
c09127110,0.551
c09143271,0.7279
c09182563,0.6202
c09254541,0.5483
c09269709,0.7204
c09279114,0.4724
c09289229,0.7489
c09293013,0.5029
c09296803,0.4093
c09350241,0.4895
c09358802,0.8291
c09438035,0.5179
c09471593,0.5986
c09487302,0.6536
c09526726,0.4852
c09528148,0.7234
c09555092,0.5752
c09611010,0.4558
c09654258,0.7454
c09663109,0.7997
c09663557,0.4379
c09672923,0.7297
c09675037,0.5358
c09709585,0.5037
c09732132,0.7402
c09769042,0.5973
c09775473,0.4304
c09871520,0.481
c09901410,0.5286
c09909203,0.4939
c09911849,0.5028
c09927202,0.2524
c09945526,0.6898
c09946131,0.7192
c09956124,0.6304
c10091176,0.4623
c10095064,0.6304
c10125802,0.5401
c10133402,0.7587
c10177536,0.463
c10227388,0.5664
c10272809,0.4196
c10288502,0.6362
c10300352,0.3622
c10323942,0.5848
c10359464,0.5426
c10403480,0.4623
c10410722,0.5703
c10438557,0.6549
c10459705,0.4904
c10468949,0.4669
c10555656,0.3672
c10558182,0.4916
c10568173,0.8028
c10569164,0.5723
c10636963,0.6095
c10650753,0.7917
c10690166,0.5607
c10724607,0.4575
c10774922,0.7705
c10841875,0.5762
c10855665,0.6737
c10878088,0.517
c10901267,0.456
c10925387,0.5512
c10981600,0.9239
c10997722,0.5338
c11011732,0.5888
c11029900,0.3643
c11055215,0.497
c11086542,0.5052
c11123386,0.3968
c11143949,0.5109
c11160629,0.4178
c11196046,0.9965
c11218254,0.6155
c11242862,0.7704
c11257366,0.4376
c11296842,0.5692
c11300167,0.5847
c11344521,0.6314
c11362128,0.6087
c11378074,0.5952
c11381100,0.4728
c11384598,0.547
c11423507,0.4925
c11431280,0.581
c11505030,0.595
c11507138,0.4602
c11542868,0.4818
c11626154,0.6899
c11629640,0.5898
c11661272,0.584
c11673385,0.5563
c11702866,0.5655
c11714505,0.7672
c11727405,0.596
c11766216,0.8424
c11793460,0.4781
c11818843,0.5053
c11822032,0.5901
c11841744,0.4811
c11879567,0.5606
c11889719,0.3631
c11897614,0.7949
c11913902,0.4767
c11921109,0.5711
c11925502,0.7102
c11935429,0.4117
c12052079,0.3752
c12056743,0.4956
c12094393,0.5755
c12141557,0.5539
c12167963,0.4533
c12178162,0.4434
c12234693,0.4617
c12248539,0.624
c12254224,0.6009
c12291449,0.7445
c12292099,0.4212
c12333126,0.8948
c12357497,0.5301
c12417088,0.5087
c12427521,0.5666
c12443578,0.4008
c12474159,0.5686
c12535683,0.6162
c12550218,0.4826
c12571748,0.4946
c12598994,0.6393
c12629222,0.4834
c12644274,0.502
c12680000,0.5362
c12687848,0.9347
c12692928,0.4881
c12709324,0.5543
c12739063,0.5214
c12821342,0.5949
c12861493,0.3979
c12874741,0.494
c12879105,0.6001
c12932634,0.4812
c13002950,0.4875
c13025028,0.8383
c13029323,0.5539
c13047942,0.4973
c13061792,0.4831
c13073419,0.6083
c13093399,0.4694
c13135220,0.5081
c13136420,0.4844
c13141728,0.568
c13142039,0.6733
c13175126,0.5728
c13229810,0.5522
c13244537,0.5919
c13259106,0.5083
c13301463,0.5216
c13324043,0.4892
c13345449,0.6337
c13357127,0.5543
c13364706,0.4573
c13474144,0.7875
c13493282,0.5313
c13530014,0.7624
c13536654,0.5409
c13560069,0.552
c13562742,0.5852
c13601819,0.5707
c13609785,0.8304
c13615398,0.9563
c13619300,0.6182
c13627486,0.4727
c13632943,0.8467
c13646656,0.8492
c13664849,0.4504
c13676737,0.5855
c13700000,0.5843
c13705894,0.2308
c13727071,0.425
c13753425,0.8849
c13760879,0.4924
c13771114,0.4984
c13797624,0.3959
c13805544,0.4444
c13835056,0.5544
c13845512,0.581
c13917889,0.357
c13965143,0.7136
c13978794,0.5498
c14050412,0.3424
c14062786,0.5541
c14073759,0.6991
c14096071,0.5856
c14103687,0.3927
c14172783,0.5375
c14174672,0.6786
c14183781,0.4091
c14195223,0.7981
c14197964,0.8762
c14236225,0.5451
c14284286,0.5341
c14289541,0.7158
c14323767,0.4646
c14355448,0.5086
c14364343,0.4645
c14390291,0.4762
c14427424,0.5827
c14429124,0.7849
c14466669,0.5539
c14487745,0.531
c14492114,0.5035
c14502808,0.5201
c14504269,0.5065
c14536507,0.6663
c14640642,0.6812
c14650075,0.3887
c14650954,0.4957
c14667299,0.8353
c14667422,0.5949
c14767453,0.5002
c14794254,0.5466
c14797925,0.583
c14812611,0.4837
c14838853,0.581
c14841334,0.7462
c14848122,0.6212
c14900851,0.3576
c14937742,0.6549
c14967460,0.9036
c14988620,0.4997
c15006704,0.536
c15039992,0.4546
c15070764,0.5647
c15076935,0.6554
c15084143,0.5305
c15101449,0.4679
c15166949,0.7834
c15191310,0.5529
c15239514,0.3888
c15247956,0.5093
c15274817,0.5741
c15283080,0.5673
c15284276,0.7331
c15312797,0.6432
c15324310,0.4401
c15360348,0.0595
c15381444,0.5702
c15402194,0.8048
c15426732,0.6046
c15431633,0.5374
c15474503,0.8019
c15690318,0.8279
c15691917,0.8284
c15700954,0.617
c15782349,0.5014
c15806217,0.494
c15809180,0.5508
c15844629,0.8206
c15922349,0.6954
c15923246,0.4563
c15928597,0.4952
c15932579,0.7999
c15956415,0.4056
c15972285,0.4105
c15975182,0.5537
c16133162,0.618
c16144071,0.5136
c16155691,0.7544
c16158959,0.6741
c16161281,0.4943
c16170326,0.9091
c16225641,0.6394
c16232125,0.5065
c16267408,0.8842
c16299424,0.5782
c16303551,0.4815
c16305972,0.4477
c16336865,0.5912
c16341234,0.5621
c16344780,0.5705
c16414355,0.6231
c16434910,0.5293
c16497278,0.6009
c16512827,0.7014
c16516403,0.6636
c16525143,0.6806
c16565255,0.5094
c16652077,0.4483
c16698163,0.4886
c16710122,0.8515
c16776748,0.5808
c16796482,0.5597
c16847842,0.8965
c16857222,0.6069
c16897475,0.5393
c16901050,0.9354
c16915350,0.933
c16953597,0.9992
c16993738,0.8485
c16995612,0.5346
c17004589,0.4871
c17019280,0.5879
c17070483,0.7847
c17079755,0.6988
c17095728,0.5541
c17166476,0.2062
c17172595,0.4296
c17174031,0.8773
c17259203,0.432
c17264207,0.5949
c17264583,0.35
c17279825,0.7154
c17336614,0.5989
c17381928,0.6175
c17389387,0.5731
c17507138,0.6298
c17510091,0.5023
c17560890,0.4463
c17572354,0.502
c17607565,0.356
c17659374,0.8718
c17673862,0.3117
c17674039,0.7611
c17748422,0.9317
c17752846,0.9279
c17808448,0.8485
c17840961,0.3063
c17869887,0.8386
c17992429,0.6821
c18001019,0.5433
c18121768,0.4416
c18155882,0.5838
c18177060,0.6248
c18180656,0.536
c18180959,0.4844
c18182036,0.489
c18229713,0.5796
c18249632,0.5891
c18283948,0.3718
c18287482,0.5714
c18322627,0.5456
c18387557,0.5899
c18393498,0.5529
c18486223,0.9078
c18524460,0.5614
c18538661,0.4728
c18550077,0.6012
c18633917,0.4701
c18650494,0.6117
c18660828,0.5304
c18672371,0.3805
c18695149,0.4864
c18719974,0.4626
c18725459,0.3919
c18783597,0.7814
c18913936,0.538
c18920472,0.5608
c18960609,0.3409
c18970496,0.9614
c19019366,0.8205
c19031676,0.7496
c19049056,0.4878
c19065211,0.5679
c19130202,0.5813
c19141357,0.8215
c19172213,0.477
c19216341,0.8343
c19239170,0.6824
c19328241,0.5971
c19382484,0.552
c19398318,0.8549
c19405000,0.4286
c19441773,0.4732
c19442471,0.8721
c19445171,0.4637
c19507338,0.4942
c19524939,0.6563
c19552229,0.6863
c19554038,0.9091
c19612123,0.4551
c19613967,0.4954
c19685511,0.8713
c19715165,0.9685
c19736186,0.7847
c19755880,0.5715
c19755888,0.4679
c19762897,0.5015
c19764228,0.7223
c19775091,0.4787
c19784635,0.7414
c19825571,0.5089
c19896304,0.5383
c19950018,0.5897
c19993069,0.3817
c19993334,0.7841
c20015607,0.9236
c20026981,0.5419
c20095211,0.5591
c20099693,0.5356
c20107890,0.5839
c20112966,0.9524
c20129862,0.5215
c20180856,0.5208
c20193360,0.4522
c20242083,0.524
c20305288,0.2407
c20344527,0.4699
c20365151,0.5452
c20372582,0.7557
c20385136,0.4583
c20489386,0.2701
c20490812,0.721
c20602858,0.5364
c20616687,0.558
c20630090,0.5612
c20653435,0.544
c20681165,0.4704
c20747052,0.3833
c20787143,0.5109
c20808419,0.4511
c20977311,0.8307
c20989037,0.4091
c21003456,0.5239
c21033472,0.3927
c21199798,0.7098
c21308311,0.6232
c21309473,0.8506
c21323487,0.4357
c21379440,0.5901
c21421786,0.7737
c21431171,0.7418
c21437641,0.4028
c21495108,0.6159
c21526996,0.617
c21590620,0.4729
c21596323,0.4808
c21650924,0.7946
c21664429,0.2967
c21733258,0.5675
c21744082,0.6286
c21771844,0.5439
c21788678,0.7316
c21903389,0.5493
c21903687,0.5686
c21913722,0.5311
c21996631,0.5645
c21998462,0.5329
c22001959,0.6084
c22012237,0.9305
c22047512,0.4442
c22049974,0.5032
c22072145,0.5965
c22096347,0.4922
c22121281,0.7105
c22138551,0.5607
c22149102,0.5332
c22151666,0.5285
c22165873,0.8742
c22206053,0.8479
c22215903,0.5386
c22218159,0.5693
c22226367,0.8317
c22298087,0.4929
c22309809,0.5268
c22310724,0.6471
c22371504,0.6419
c22410256,0.4876
c22424277,0.5712
c22439094,0.4438
c22451303,0.5818
c22476355,0.3769
c22502383,0.4488
c22522856,0.5019
c22540589,0.595
c22562416,0.6324
c22611710,0.8697
c22628698,0.4072
c22671097,0.7958
c22740981,0.8188
c22772434,0.383
c22776100,0.7701
c22842807,0.5335
c22872982,0.5855
c22883907,0.667
c22887568,0.5966
c22920555,0.8431
c22979672,0.7103
c22988061,0.5106
c22999061,0.5673
c23065459,0.823
c23076314,0.5612
c23092743,0.6784
c23096395,0.4087
c23121941,0.534
c23128607,0.4885
c23178773,0.7713
c23190063,0.3858
c23207960,0.834
c23218241,0.553
c23230642,0.4978
c23283808,0.5333
c23355606,0.6223
c23417107,0.4155
c23446723,0.6113
c23507806,0.4298
c23507894,0.5317
c23573300,0.5432
c23616935,0.6145
c23629979,0.6516
c23669699,0.677
c23696347,0.4665
c23709838,0.4782
c23753462,0.575
c23769504,0.5792
c23838160,0.5522
c23854823,0.8356
c23858293,0.5813
c23865871,0.6813
c23931967,0.6144
c24034876,0.2513
c24084074,0.6532
c24165476,0.5105
c24235869,0.4709
c24244259,0.3555
c24252053,0.5765
c24269288,0.4977
c24284903,0.4983
c24303085,0.5604
c24308596,0.5709
c24315238,0.6674
c24321312,0.6271
c24376203,0.7951
c24399796,0.5717
c24433651,0.5079
c24469917,0.4283
c24548893,0.4415
c24572520,0.4614
c24605900,0.7221
c24606059,0.4705
c24643917,0.4902
c24733864,0.5782
c24776826,0.6185
c24808947,0.7366
c24863776,0.6268
c24883208,0.8225
c24922878,0.2966
c24959354,0.5063
c25006584,0.6287
c25010377,0.6625
c25047089,0.7433
c25056205,0.4728
c25059869,0.7504
c25062626,0.4591
c25161598,0.6155
c25222822,0.5755
c25244623,0.8953
c25265810,0.6376
c25364926,0.6781
c25376373,0.6127
c25388680,0.5709
c25395020,0.7178
c25395374,0.5357
c25468018,0.6317
c25507491,0.5764
c25518736,0.5087
c25570417,0.5121
c25597235,0.6794
c25605248,0.5711
c25605666,0.4359
c25635348,0.9049
c25638004,0.5876
c25658135,0.5476
c25700965,0.8991
c25704935,0.5434
c25768908,0.5493
c25780446,0.5531
c25794168,0.5748
c25819964,0.8868
c25824758,0.7313
c25825416,0.5469
c25828264,0.688
c25831037,0.7895
c25866872,0.5989
c25932899,0.4281
c25937761,0.7363
c25964852,0.6152
c26035692,0.5283
c26068252,0.8637
c26080621,0.4595
c26084678,0.564
c26098222,0.6704
c26112324,0.5289
c26195237,0.6486
c26205758,0.537
c26216297,0.721
c26250509,0.4374
c26254371,0.4564
c26316815,0.3883
c26361513,0.3241
c26397802,0.4654
c26453347,0.5849
c26457196,0.6048
c26499328,0.5887
c26504685,0.75
c26566527,0.5305
c26577760,0.5457
c26594842,0.4792
c26601789,0.5259
c26615171,0.7784
c26666743,0.6343
c26695575,0.8169
c26733253,0.7948
c26765916,0.5427
c26776048,0.8146
c26856851,0.6996
c26862249,0.557
c26889273,0.7289
c26954238,0.558
c26960533,0.6061
c26963821,0.528
c26982575,0.4634
c27078455,0.6586
c27231406,0.7109
c27258129,0.4571
c27260121,0.4503
c27297250,0.8042
c27355206,0.5536
c27372785,0.4617
c27416121,0.5899
c27428451,0.7261
c27434598,0.484
c27492222,0.466
c27492922,0.8109
c27501740,0.3607
c27538426,0.2684
c27559004,0.4413
c27567520,0.5312
c27570320,0.5503
c27573584,0.4712
c27574073,0.8101
c27610332,0.6582
c27619816,0.6172
c27705798,0.6765
c27716224,0.7753
c27722684,0.4717
c27752496,0.9454
c27781141,0.6011
c27881420,0.8172
c27904115,0.5515
c27940700,0.5731
c27996242,0.5425
c28050355,0.8085
c28107316,0.55
c28125541,0.7435
c28133695,0.4257
c28136332,0.5759
c28171611,0.5673
c28233797,0.4732
c28251184,0.8895
c28274572,0.5594
c28303286,0.4618
c28340730,0.6273
c28353975,0.5671
c28377144,0.5872
c28404947,0.8269
c28413595,0.4928
c28416802,0.6641
c28518496,0.4813
c28526980,0.5839
c28595592,0.7777
c28630844,0.8653
c28665976,0.4939
c28708354,0.505
c28754906,0.4746
c28795623,0.6648
c28800574,0.5038
c28830781,0.612
c28845918,0.5822
c28869049,0.7733
c28886184,0.5446
c28909121,0.5038
c28909790,0.7377
c28952643,0.6934
c28964516,0.4686
c29021975,0.8073
c29047756,0.6616
c29089518,0.7748
c29090285,0.7138
c29137110,0.5196
c29174730,0.6886
c29183148,0.5897
c29201997,0.538
c29264483,0.7923
c29298940,0.8659
c29320033,0.7888
c29381926,0.6812
c29426701,0.7972
c29473344,0.6807
c29493091,0.3584
c29569253,0.8185
c29630056,0.477
c29688995,0.5122
c29698958,0.5541
c29702369,0.6099
c29704564,0.7153
c29718911,0.8055
c29797712,0.5712
c29818345,0.5941
c29890976,0.5667
c29901312,0.6281
c29909229,0.7094
c29944914,0.6635
c29948928,0.6299
c29964494,0.4852
c29977111,0.5551
c30032538,0.3642
c30112114,0.5705
c30149899,0.3878
c30158436,0.7148
c30184716,0.4661
c30205408,0.5063
c30208970,0.6262
c30257451,0.5933
c30298564,0.6595
c30341224,0.5314
c30345051,0.4604
c30350538,0.4552
c30389547,0.1923
c30429932,0.3724
c30438688,0.5009
c30491359,0.5713
c30566577,0.5778
c30567654,0.6797
c30569828,0.942
c30577322,0.5472
c30600288,0.6261
c30638829,0.6076
c30657723,0.5758
c30677342,0.5432
c30699806,0.4741
c30725145,0.5887
c30731115,0.3673
c30765293,0.4764
c30766081,0.5735
c30771066,0.5386
c30785050,0.4708
c30785071,0.5504
c30834128,0.8175
c30846446,0.8613
c30859397,0.9544
c30953919,0.5893
c30963125,0.7866
c30981408,0.7062
c30982369,0.5223
c31027203,0.5013
c31029087,0.4704
c31044793,0.3637
c31075435,0.5585
c31164714,0.9089
c31167494,0.4295
c31171407,0.5447
c31188779,0.5495
c31215434,0.5835
c31223763,0.6765
c31232434,0.707
c31238958,0.7037
c31239449,0.5568
c31262261,0.3344
c31322186,0.715
c31337011,0.5999
c31344299,0.5758
c31351608,0.9867
c31425566,0.7912
c31454488,0.5551
c31506609,0.4973
c31511545,0.4949
c31536924,0.9467
c31543549,0.5245
c31589439,0.9242
c31600903,0.8218
c31632969,0.6921
c31691739,0.4029
c31709021,0.4838
c31713903,0.4665
c31822622,0.5493
c31889377,0.526
c31904764,0.8787
c31926602,0.5771
c31928949,0.6196
c31934328,0.585
c31953410,0.4813
c31984074,0.5349
c31999343,0.4884
c32009584,0.6488
c32037387,0.5333
c32042405,0.5305
c32045870,0.5869
c32052218,0.5596
c32057126,0.5669
c32103578,0.4878
c32113647,0.8723
c32167511,0.7877
c32203987,0.4964
c32209231,0.7388
c32273423,0.4716
c32281725,0.5695
c32294979,0.7531
c32319804,0.6086
c32328441,0.5931
c32347026,0.5639
c32392328,0.7543
c32395994,0.413
c32405996,0.7884
c32407643,0.564
c32420721,0.8602
c32436615,0.6141
c32537219,0.6999
c32548701,0.5075
c32549886,0.5477
c32551711,0.5999
c32558022,0.3481
c32621662,0.4028
c32674725,0.4282
c32678856,0.5841
c32686675,0.5299
c32690446,0.9015
c32709476,0.3927
c32733231,0.7449
c32765056,0.6409
c32782297,0.4563
c32840175,0.4836
c32847575,0.5804
c32864821,0.4404
c32888962,0.7124
c32915332,0.4607
c32955654,0.4366
c32987808,0.473
c33013444,0.6225
c33080344,0.6129
c33083668,0.4723
c33119469,0.8781
c33171669,0.6076
c33219523,0.4448
c33247804,0.4577
c33250303,0.4289
c33260253,0.6099
c33278056,0.3002
c33343908,0.4586
c33382000,0.693
c33397012,0.4827
c33421439,0.9166
c33439982,0.7472
c33466666,0.4585
c33504783,0.7074
c33546127,0.6065
c33561591,0.4404
c33589647,0.535
c33590598,0.5689
c33601977,0.3414
c33647047,0.3521
c33655460,0.6183
c33656268,0.4943
c33722906,0.6017
c33806538,0.8506
c33811585,0.5495
c33829937,0.5413
c33836297,0.4684
c33841054,0.6768
c33897245,0.4843
c33943840,0.4334
c33958369,0.4767
c33989446,0.4124
c33989998,0.6239
c34045360,0.6093
c34047824,0.5789
c34051820,0.4952
c34059791,0.8414
c34148203,0.4794
c34162942,0.7287
c34221757,0.8813
c34231228,0.7116
c34247386,0.5951
c34314813,0.5356
c34330141,0.6406
c34341339,0.8875
c34453935,0.8232
c34457374,0.8913
c34494424,0.3569
c34522907,0.6377
c34600923,0.4339
c34617104,0.5418
c34625953,0.7269
c34634252,0.6069
c34669511,0.6379
c34688830,0.4949
c34690885,0.3606
c34692694,0.434
c34703484,0.4589
c34749481,0.4959
c34803284,0.5152
c34822580,0.5402
c34824778,0.4746
c34874844,0.6923
c34886263,0.7761
c34894352,0.4973
c34922003,0.5372
c34978962,0.4954
c34983307,0.3529
c35063031,0.4827
c35064760,0.4615
c35070433,0.7364
c35192897,0.8547
c35207939,0.5431
c35236087,0.6203
c35239845,0.6492
c35244729,0.5837
c35254845,0.8683
c35258388,0.8803
c35314446,0.6059
c35375957,0.6136
c35386486,0.5878
c35395248,0.6411
c35431788,0.8436
c35479564,0.5298
c35488382,0.8031
c35489738,0.4513
c35555216,0.331
c35678950,0.8056
c35688011,0.5667
c35721778,0.5625
c35750608,0.6038
c35784682,0.567
c35790225,0.6391
c35873593,0.6724
c35891060,0.5631
c35905974,0.5824
c35914078,0.6371
c35915239,0.6531
c35923097,0.8683
c35951371,0.8591
c35957539,0.6326
c35965138,0.5268
c35987176,0.7673
c35994685,0.8171
c36058730,0.5512
c36064725,0.8541
c36132191,0.4582
c36155695,0.4011
c36232973,0.6604
c36233086,0.4588
c36240198,0.3366
c36243937,0.5361
c36259450,0.7015
c36280150,0.5399
c36308297,0.6322
c36358453,0.6086
c36376123,0.5298
c36377923,0.6053
c36408182,0.4664
c36427456,0.6487
c36436430,0.5324
c36512076,0.5883
c36530213,0.4416
c36534538,0.5861
c36540867,0.3969
c36541732,0.5667
c36593057,0.4374
c36626701,0.6613
c36743506,0.5684
c36779817,0.4364
c36784244,0.6669
c36804596,0.6968
c36906011,0.5427
c37032309,0.8043
c37069483,0.444
c37089836,0.8001
c37099523,0.4398
c37111678,0.5334
c37193690,0.6262
c37200536,0.5074
c37205378,0.4784
c37216129,0.7308
c37261814,0.5379
c37288994,0.5089
c37298229,0.6178
c37303450,0.544
c37334045,0.588
c37338206,0.5466
c37343237,0.84
c37343805,0.6093
c37359122,0.5643
c37384194,0.4859
c37396152,0.4595
c37419934,0.4384
c37439471,0.5713
c37457908,0.5193
c37472069,0.9326
c37479151,0.5104
c37482747,0.2921
c37503672,0.3787
c37533660,0.7727
c37649464,0.8098
c37659517,0.5031
c37760905,0.3418
c37783118,0.6036
c37785495,0.5797
c37824279,0.5353
c37849597,0.3958
c37856941,0.5242
c37905650,0.297
c37958798,0.7901
c37994335,0.6573
c38031613,0.8053
c38044132,0.9546
c38049115,0.6436
c38070510,0.8001
c38127239,0.4211
c38163153,0.4823
c38181037,0.5378
c38200014,0.5494
c38218237,0.5485
c38278766,0.7961
c38281453,0.4775
c38294788,0.7578
c38301378,0.7515
c38304146,0.4756
c38337703,0.6183
c38388676,0.501
c38399912,0.9238
c38467852,0.5879
c38589489,0.5729
c38606386,0.738
c38614437,0.534
c38654974,0.8231
c38699046,0.9106
c38720607,0.6645
c38732440,0.5356
c38837011,0.8196
c38849234,0.7263
c38882719,0.3857
c38922355,0.6137
c38968985,0.5319
c38977669,0.5055
c39001849,0.5876
c39053281,0.5998
c39091179,0.5775
c39126378,0.6842
c39162324,0.5334
c39179649,0.5349
c39212622,0.4411
c39249255,0.6282
c39294691,0.5481
c39389164,0.4703
c39397758,0.6051
c39420670,0.8738
c39563931,0.6446
c39678582,0.6006
c39739010,0.9085
c39765311,0.7684
c39790692,0.5683
c39796199,0.4933
c39899419,0.4706
c40000199,0.5285
c40018429,0.782
c40020195,0.5712
c40035787,0.6626
c40043935,0.7089
c40053040,0.6706
c40068208,0.7056
c40083180,0.622
c40087642,0.6931
c40107339,0.7309
c40108541,0.4946
c40122318,0.5639
c40128388,0.6173
c40129330,0.662
c40139720,0.7994
c40223806,0.9056
c40232757,0.5589
c40338603,0.9606
c40350933,0.3917
c40392010,0.649
c40409999,0.496
c40416687,0.4895
c40432644,0.3075
c40454139,0.6867
c40474989,0.5045
c40526451,0.5472
c40588296,0.4993
c40590469,0.5602
c40601743,0.4434
c40608445,0.7819
c40630686,0.8692
c40659279,0.8002
c40764050,0.5234
c40812451,0.577
c40850791,0.4805
c40888277,0.212
c40914302,0.5862
c40957904,0.5758
c40967152,0.538
c41050174,0.771
c41057161,0.6627
c41062034,0.4069
c41079463,0.5766
c41169447,0.4078
c41220874,0.6299
c41225822,0.4949
c41251027,0.5949
c41269512,0.522
c41305077,0.4309
c41330166,0.2837
c41374940,0.9666
c41473680,0.515
c41496150,0.4655
c41509542,0.6165
c41519007,0.5717
c41549640,0.4566
c41550495,0.6371
c41571875,0.343
c41637528,0.4734
c41660587,0.6944
c41662755,0.7603
c41766888,0.8421
c41772648,0.6116
c41780891,0.5418
c41811733,0.4769
c41845530,0.6922
c41873141,0.7136
c41947379,0.4354
c42065902,0.3067
c42089388,0.494
c42093610,0.3638
c42180538,0.3284
c42180647,0.4406
c42205703,0.3238
c42213767,0.5212
c42214090,0.902
c42264420,0.5625
c42293560,0.4796
c42420121,0.4858
c42431879,0.5299
c42442828,0.8605
c42464901,0.6277
c42503120,0.4081
c42545827,0.637
c42586134,0.744
c42621974,0.4405
c42670090,0.6184
c42676067,0.4949
c42695587,0.4926
c42700048,0.537
c42702494,0.486
c42723911,0.498
c42743940,0.3106
c42747940,0.4703
c42786363,0.917
c42808837,0.857
c42834658,0.2305
c42876734,0.5437
c42880505,0.5614
c42882684,0.5429
c42884119,0.5752
c43010742,0.2736
c43018294,0.7573
c43031039,0.4789
c43042851,0.802
c43104423,0.555
c43127369,0.6087
c43150715,0.6063
c43185466,0.4529
c43237050,0.4701
c43247363,0.6988
c43289962,0.5925
c43313188,0.5514
c43317197,0.8436
c43350734,0.6093
c43397152,0.4518
c43436229,0.5172
c43438554,0.6147
c43443919,0.9584
c43477458,0.5376
c43487069,0.5413
c43488171,0.4188
c43491150,0.5614
c43514618,0.5758
c43517780,0.561
c43530736,0.5061
c43549787,0.5364
c43585336,0.6133
c43587969,0.7446
c43673859,0.4919
c43695456,0.7761
c43763486,0.655
c43769967,0.4992
c43800153,0.5415
c43820247,0.9103
c43835976,0.6189
c43846221,0.3597
c43866920,0.5699
c43891562,0.4796
c43906993,0.9149
c43947390,0.572
c43950155,0.7904
c44008401,0.4946
c44022823,0.3991
c44071175,0.7149
c44077751,0.5379
c44102266,0.817
c44111138,0.451
c44111337,0.5935
c44282333,0.485
c44319049,0.5949
c44323521,0.4713
c44329713,0.4229
c44342996,0.4983
c44356702,0.8263
c44360227,0.5412
c44378985,0.5348
c44389675,0.5077
c44391843,0.5516
c44424571,0.4948
c44437444,0.2557
c44458719,0.5525
c44480421,0.523
c44505149,0.4105
c44507746,0.5525
c44511172,0.575
c44537754,0.4391
c44549615,0.3213
c44578110,0.5361
c44647132,0.4647
c44667271,0.6277
c44683371,0.6847
c44685342,0.4614
c44718838,0.5002
c44817972,0.8286
c44833741,0.8561
c44835899,0.4315
c44868905,0.4888
c44872486,0.538
c44936505,0.4781
c44936936,0.7592
c44943375,0.8
c44945963,0.5836
c44954287,0.3533
c44963098,0.537
c45043149,0.5362
c45063127,0.7352
c45076923,0.8009
c45082951,0.5341
c45101019,0.7122
c45128250,0.5434
c45154231,0.8754
c45170704,0.612
c45216597,0.4016
c45299276,0.5513
c45302772,0.4666
c45313871,0.4847
c45347371,0.6747
c45408768,0.45
c45420574,0.5197
c45444720,0.8017
c45490011,0.4693
c45494450,0.5384
c45526123,0.5417
c45535761,0.3779
c45537827,0.3702
c45538327,0.5776
c45555595,0.502
c45568304,0.609
c45591227,0.537
c45601665,0.5421
c45607082,0.5338
c45612446,0.5447
c45617905,0.3415
c45618938,0.5576
c45655312,0.5556
c45662613,0.6173
c45737033,0.6053
c45739925,0.5779
c45750461,0.7142
c45753901,0.5805
c45781998,0.5311
c45799379,0.541
c45831025,0.5353
c45898805,0.4834
c45966853,0.4889
c45982383,0.7859
c45995835,0.5002
c46007230,0.5237
c46036284,0.4169
c46055599,0.7463
c46168365,0.4885
c46187624,0.8105
c46237940,0.9286
c46239362,0.8598
c46331053,0.7542
c46378401,0.5168
c46397878,0.538
c46406180,0.624
c46432624,0.4482
c46450713,0.4105
c46455758,0.4979
c46498646,0.4135
c46510240,0.4412
c46540677,0.8429
c46589895,0.5248
c46593188,0.975
c46647242,0.5015
c46676633,0.6277
c46740644,0.8181
c46753414,0.628
c46758366,0.8271
c46841864,0.778
c46846140,0.3838
c46852064,0.5502
c46867851,0.4452
c46871946,0.7238
c46883975,0.597
c46917039,0.5998
c46928316,0.8153
c46931566,0.3856
c46941133,0.4944
c46945439,0.4095
c46974626,0.4089
c46992611,0.3825
c46994176,0.5213
c47025998,0.5497
c47082537,0.5029
c47105583,0.7895
c47277971,0.8336
c47290425,0.6669
c47367452,0.7105
c47392823,0.847
c47411410,0.5378
c47461415,0.4537
c47506053,0.5104
c47522165,0.8703
c47527250,0.4846
c47571288,0.6136
c47591555,0.5566
c47595608,0.6151
c47598744,0.8158
c47619223,0.5777
c47716648,0.397
c47733659,0.4612
c47755082,0.6133
c47765792,0.6517
c47811134,0.5569
c47834078,0.6951
c47887175,0.589
c47896293,0.6168
c47949487,0.4713
c47950880,0.5041
c48009991,0.4424
c48083652,0.6777
c48130179,0.4672
c48209679,0.5275
c48258138,0.5847
c48307123,0.6199
c48329347,0.4725
c48339840,0.424
c48428329,0.8032
c48481569,0.5802
c48498762,0.84
c48552190,0.6506
c48558490,0.4666
c48565666,0.745
c48580632,0.5579
c48635175,0.4729
c48639441,0.459
c48647661,0.827
c48755642,0.6805
c48764390,0.5222
c48778977,0.5753
c48842140,0.5367
c48861957,0.5603
c48909172,0.5144
c48927109,0.522
c49026829,0.459
c49100219,0.4513
c49155251,0.6412
c49161669,0.3988
c49170608,0.5678
c49227354,0.5817
c49240330,0.4224
c49251356,0.3773
c49255601,0.5954
c49394344,0.8627
c49416593,0.5317
c49487889,0.3307
c49494628,0.573
c49503142,0.6374
c49553477,0.4696
c49555466,0.9716
c49567396,0.4727
c49570295,0.3503
c49584893,0.4349
c49604238,0.7841
c49616969,0.6709
c49658052,0.6985
c49666160,0.6935
c49681556,0.8457
c49698704,0.5713
c49707357,0.642
c49710634,0.8906
c49729390,0.5593
c49787723,0.4962
c49821315,0.918
c49868189,0.7178
c49877799,0.8202
c49878790,0.4464
c49955783,0.4027
c49966861,0.8066
c49972010,0.5052
c49987839,0.4626
c50023079,0.5743
c50101188,0.5481
c50130471,0.5503
c50132662,0.5369
c50132712,0.5548
c50160402,0.495
c50174147,0.563
c50186887,0.5387
c50225457,0.4983
c50323056,0.4862
c50352890,0.534
c50383320,0.8486
c50411794,0.7025
c50446409,0.5629
c50474933,0.5036
c50508225,0.4948
c50511257,0.3921
c50523537,0.3143
c50582007,0.5774
c50648889,0.4768
c50712061,0.9069
c50735192,0.5118
c50790173,0.5044
c50843783,0.5496
c50900990,0.5823
c50995203,0.4227
c51076786,0.4364
c51169538,0.5422
c51198046,0.8553
c51219983,0.7878
c51244531,0.9289
c51247122,0.4743
c51260641,0.3656
c51260870,0.6467
c51308082,0.4618
c51367090,0.8396
c51408667,0.498
c51410369,0.8054
c51553860,0.8362
c51556383,0.9501
c51611227,0.5332
c51644556,0.2679
c51660731,0.6213
c51672745,0.4439
c51698280,0.5367
c51700753,0.6158
c51703636,0.5075
c51782360,0.806
c51826933,0.8479
c51843664,0.5949
c51954061,0.6786
c51958628,0.5527
c51963877,0.5395
c51970627,0.7063
c52002283,0.6746
c52054756,0.5705
c52086760,0.5741
c52090848,0.5776
c52140966,0.677
c52196560,0.5737
c52252074,0.5724
c52252180,0.4013
c52259639,0.404
c52354851,0.3933
c52386285,0.5848
c52421046,0.6481
c52429563,0.5771
c52457284,0.4047
c52463961,0.9284
c52544532,0.493
c52558897,0.7721
c52559886,0.5507
c52560136,0.3734
c52585587,0.4766
c52594314,0.7544
c52650788,0.602
c52673133,0.5857
c52680565,0.9087
c52685566,0.4457
c52702394,0.468
c52731148,0.563
c52762435,0.4763
c52799004,0.6799
c53001263,0.2385
c53003201,0.5069
c53015177,0.6005
c53021486,0.508
c53042995,0.5553
c53082421,0.4704
c53099116,0.4628
c53154542,0.4885
c53273190,0.3941
c53302913,0.7849
c53305968,0.4737
c53367381,0.7195
c53393266,0.462
c53422457,0.5018
c53473259,0.5073
c53567641,0.5545
c53573607,0.7784
c53608924,0.4144
c53662867,0.8578
c53666216,0.6468
c53671607,0.8016
c53677522,0.8193
c53748708,0.8549
c53789104,0.8312
c53803693,0.5527
c53828645,0.5604
c53830940,0.6139
c53886244,0.4111
c53894273,0.5865
c53900743,0.4434
c54023601,0.5381
c54045149,0.5322
c54049121,0.6714
c54119931,0.4747
c54167651,0.5008
c54188143,0.6473
c54231221,0.4622
c54270549,0.588
c54299627,0.5601
c54308987,0.7502
c54322614,0.6399
c54401509,0.5041
c54402430,0.6059
c54438117,0.5565
c54439465,0.2897
c54519889,0.8408
c54545521,0.4705
c54600928,0.645
c54605834,0.6264
c54658372,0.6471
c54698213,0.4745
c54751460,0.854
c54762091,0.6207
c54774874,0.5093
c54803407,0.6451
c54818083,0.4949
c54869565,0.7143
c54886784,0.5529
c54887470,0.6213
c54896980,0.6121
c54923331,0.6079
c54934148,0.9947
c54999164,0.5172
c55008656,0.549
c55013870,0.5086
c55056619,0.4652
c55078634,0.4665
c55168313,0.6531
c55179069,0.4817
c55193607,0.8155
c55194928,0.5652
c55218272,0.4518
c55223982,0.4967
c55228324,0.4373
c55266190,0.8754
c55311875,0.5439
c55394849,0.8098
c55437524,0.5829
c55438404,0.536
c55466560,0.5556
c55478930,0.5993
c55529450,0.9517
c55579054,0.567
c55622168,0.6364
c55637984,0.7935
c55672944,0.5906
c55680195,0.547
c55705510,0.5522
c55739617,0.3237
c55789071,0.7147
c55855068,0.5534
c55911932,0.6
c56010384,0.5787
c56011898,0.5373
c56047303,0.594
c56143675,0.4601
c56146425,0.7114
c56183724,0.537
c56207233,0.8646
c56216038,0.744
c56227761,0.5515
c56390660,0.6227
c56424627,0.9432
c56439691,0.7442
c56468742,0.5336
c56559241,0.6509
c56564622,0.7974
c56599167,0.6294
c56625921,0.5852
c56637093,0.6801
c56671121,0.5387
c56727247,0.3664
c56742052,0.5615
c56744340,0.7416
c56783111,0.6598
c56871903,0.5025
c56889632,0.4313
c56904838,0.5904
c56961280,0.5762
c57055393,0.7963
c57068630,0.5419
c57086582,0.5633
c57136486,0.5436
c57139563,0.5339
c57146412,0.4298
c57183489,0.3647
c57196154,0.4791
c57213330,0.4791
c57220488,0.4486
c57241445,0.6966
c57265718,0.6055
c57427672,0.6756
c57524132,0.6236
c57605356,0.8882
c57611144,0.7418
c57612400,0.3906
c57658820,0.547
c57669512,0.3637
c57676560,0.3822
c57728298,0.5711
c57731469,0.8752
c57734853,0.6579
c57760625,0.5514
c57764507,0.7519
c57789615,0.5928
c57853633,0.2741
c57920335,0.468
c57977502,0.6088
c57994321,0.5079
c58098485,0.9566
c58135176,0.7306
c58166782,0.9005
c58240749,0.8512
c58246624,0.7659
c58247767,0.4781
c58259757,0.5118
c58262819,0.5515
c58308932,0.7166
c58314246,0.5495
c58359428,0.536
c58374149,0.7194
c58408322,0.5036
c58412105,0.6615
c58423875,0.5566
c58484849,0.5153
c58530865,0.5331
c58568413,0.8082
c58585247,0.4654
c58598846,0.7388
c58601014,0.5546
c58720895,0.4487
c58769145,0.608
c58791443,0.5485
c58792964,0.5033
c58816205,0.7528
c58846686,0.799
c58847158,0.5877
c58859911,0.8965
c58976707,0.554
c58980791,0.5648
c58988825,0.3996
c59029601,0.5537
c59048807,0.4712
c59062432,0.6639
c59090874,0.4828
c59105634,0.7582
c59113192,0.5279
c59184329,0.5704
c59208748,0.3796
c59229732,0.2518
c59230286,0.957
c59363641,0.7796
c59392268,0.5298
c59450301,0.8362
c59580652,0.6048
c59623103,0.7643
c59638911,0.5311
c59653105,0.5716
c59671216,0.531
c59697223,0.4687
c59698408,0.3955
c59836959,0.8732
c59911337,0.4659
c59958217,0.5188
c59992760,0.5336
c60025989,0.8045
c60027058,0.9631
c60127982,0.4914
c60132900,0.5418
c60142819,0.5372
c60184252,0.9288
c60202723,0.4949
c60223611,0.5233
c60224704,0.81
c60232043,0.5123
c60259279,0.7251
c60323983,0.679
c60388630,0.6364
c60401439,0.7234
c60416559,0.5507
c60426778,0.637
c60470877,0.5381
c60504646,0.4465
c60513325,0.2909
c60564220,0.7838
c60615235,0.8802
c60624390,0.5016
c60627503,0.6177
c60659656,0.6947
c60673694,0.579
c60699954,0.7653
c60737312,0.5612
c60759935,0.5982
c60764519,0.8199
c60847954,0.537
c60891427,0.5363
c60902832,0.479
c60977943,0.6811
c60990649,0.6727
c61013802,0.5582
c61024407,0.8537
c61029710,0.5146
c61063589,0.555
c61063957,0.8525
c61064914,0.346
c61065507,0.7365
c61098862,0.559
c61102472,0.5398
c61103875,0.6711
c61118900,0.7283
c61128986,0.4219
c61137289,0.5896
c61149902,0.5174
c61159859,0.5714
c61234273,0.3533
c61245107,0.5696
c61256550,0.6712
c61298368,0.3345
c61318904,0.6841
c61346851,0.4881
c61361304,0.3481
c61375656,0.5498
c61391849,0.7004
c61581811,0.4648
c61606425,0.494
c61611722,0.2743
c61663101,0.6949
c61664226,0.5199
c61677160,0.5888
c61735606,0.503
c61759958,1.0
c61786330,0.5015
c61792953,0.5388
c61865441,0.8268
c61924019,0.5177
c61992739,0.6496
c62011115,0.9355
c62014004,0.6157
c62014426,0.5885
c62018051,0.3785
c62022826,0.5118
c62025043,0.56
c62064037,0.4944
c62103512,0.9511
c62135659,0.9516
c62204007,0.3713
c62221368,0.5418
c62253341,0.5771
c62265675,0.9005
c62289147,0.6235
c62391580,0.5924
c62414032,0.4288
c62421211,0.5532
c62490658,0.7743
c62500823,0.9146
c62543384,0.5446
c62548222,0.6148
c62605791,0.6594
c62609612,0.9906
c62617008,0.4681
c62633323,0.867
c62662510,0.7356
c62681751,0.8891
c62715515,0.3676
c62772391,0.5734
c62832536,0.514
c62908444,0.4859
c62913363,0.5821
c62987943,0.726
c63028286,0.4254
c63037791,0.5506
c63074837,0.8452
c63083734,0.4027
c63096542,0.4747
c63148192,0.6451
c63177766,0.7579
c63189685,0.3249
c63205530,0.4151
c63224511,0.5335
c63246368,0.6935
c63326165,0.5706
c63332788,0.4992
c63350066,0.7843
c63443334,0.3525
c63537251,0.4745
c63560684,0.4461
c63586006,0.3226
c63646839,0.487
c63671780,0.41
c63685648,0.4936
c63688230,0.506
c63726750,0.6152
c63750570,0.8615
c63773345,0.4691
c63777782,0.7518
c63792114,0.5991
c63835048,0.5074
c63852139,0.6943
c63852414,0.436
c63858346,0.5179
c63894623,0.755
c63898457,0.8549
c64059736,0.4996
c64072110,0.6056
c64105641,0.4719
c64129277,0.5526
c64139312,0.4724
c64141543,0.865
c64244405,0.6275
c64272658,0.3646
c64274936,0.6015
c64312785,0.4546
c64349642,0.5349
c64481854,0.3401
c64485430,0.4335
c64548718,0.2957
c64574006,0.8775
c64591011,0.5857
c64612340,0.4855
c64651307,0.9135
c64685039,0.6947
c64701241,0.7486
c64732310,0.5382
c64737546,0.4774
c64752005,0.6354
c64848896,0.6524
c64879027,0.5706
c64903572,0.5887
c64921227,0.575
c64944718,0.9702
c64978387,0.7171
c64979135,0.4216
c65019037,0.7016
c65041957,0.4676
c65077230,0.4967
c65092368,0.575
c65161383,0.4653
c65161671,0.386
c65179273,0.7104
c65182643,0.4604
c65189312,0.4235
c65232943,0.5066
c65240121,0.6346
c65264005,0.4847
c65345647,0.3905
c65393379,0.5895
c65401188,0.4605
c65475621,0.7915
c65479453,0.5445
c65483346,0.4849
c65522546,0.7908
c65522988,0.5704
c65523994,0.5644
c65551649,0.5273
c65569042,0.3823
c65569612,0.5317
c65597402,0.6712
c65610002,0.5053
c65631523,0.5608
c65706082,0.6105
c65721635,0.6742
c65796389,0.7316
c65796721,0.5997
c65824595,0.3508
c65874242,0.595
c65907802,0.6291
c65930443,0.6061
c65997411,0.4713
c66011583,0.5819
c66021570,0.4998
c66035856,0.7518
c66057990,0.5928
c66087427,0.4805
c66105661,0.4509
c66137911,0.693
c66161175,0.6283
c66177946,0.5104
c66185261,0.8188
c66186386,0.6077
c66229727,0.9822
c66298239,0.6348
c66317267,0.6196
c66331384,0.5425
c66337698,0.5425
c66349906,0.4649
c66529175,0.7157
c66545178,0.5113
c66565438,0.4542
c66577460,0.5029
c66590200,0.5789
c66602252,0.7828
c66611280,0.7281
c66683062,0.7242
c66939078,0.4542
c66949372,0.5567
c66991950,0.7897
c67017447,0.1695
c67020964,0.3886
c67030816,0.6644
c67034431,0.5356
c67049224,0.536
c67077937,0.5376
c67101985,0.5511
c67220209,0.6252
c67220888,0.575
c67237773,0.5806
c67288638,0.246
c67293987,0.548
c67325561,0.672
c67378732,0.3437
c67459549,0.8926
c67463921,0.6676
c67476668,0.5248
c67509464,0.5771
c67513569,0.4704
c67522217,0.6366
c67588206,0.472
c67597057,0.4216
c67629068,0.7946
c67667954,0.5877
c67683596,0.5787
c67683983,0.3913
c67709663,0.4774
c67759107,0.5387
c67797074,0.4705
c67800661,0.3202
c67802269,0.9159
c67885575,0.7961
c67896819,0.7355
c67944937,0.4084
c67978877,0.6096
c67990204,0.493
c68117033,0.5366
c68133616,0.8196
c68182872,0.5955
c68203741,0.4968
c68224211,0.7423
c68256936,0.4666
c68281963,0.6435
c68287982,0.5739
c68368828,0.7078
c68388278,0.4821
c68443884,0.4118
c68450621,0.3437
c68454739,0.7147
c68551102,0.4732
c68555975,0.6884
c68602129,0.3953
c68651004,0.3419
c68661577,0.6326
c68743674,0.6262
c68745155,0.8461
c68852940,0.8498
c68875229,0.4176
c68904231,0.482
c69006577,0.6086
c69061219,0.4302
c69114900,0.8378
c69159748,0.6331
c69188288,0.4699
c69203975,0.5873
c69217425,0.5542
c69223451,0.5686
c69223605,0.7505
c69293451,0.494
c69319821,0.5828
c69357691,0.5388
c69490598,0.5673
c69507740,0.7066
c69508073,0.6482
c69597737,0.4917
c69608714,0.5353
c69637623,0.4624
c69654475,0.4397
c69699720,0.7322
c69716256,0.5293
c69731635,0.6237
c69765366,0.5508
c69779134,0.5549
c69827827,0.6454
c69849198,0.5213
c69884094,0.6687
c69954400,0.6845
c70016094,0.4075
c70057377,0.5317
c70061672,0.6097
c70071865,0.6429
c70074671,0.6357
c70086629,0.5633
c70118731,0.5064
c70119140,0.7604
c70124669,0.5214
c70148684,0.8545
c70154651,0.4595
c70154719,0.3995
c70165324,0.4347
c70176572,0.6139
c70191097,0.515
c70193116,0.4106
c70202487,0.7388
c70244653,0.4617
c70265090,0.508
c70292162,0.9785
c70296482,0.7208
c70306328,0.8595
c70355711,0.6967
c70372732,0.7221
c70402260,0.855
c70451028,0.6074
c70484442,0.5209
c70495367,0.4949
c70523838,0.4243
c70593028,0.4943
c70626039,0.268
c70645356,0.4438
c70654349,0.9143
c70695641,0.4886
c70728767,0.4901
c70730514,0.8444
c70745273,0.4422
c70797974,0.4538
c70809306,0.6028
c70846251,0.5768
c70952050,0.5562
c70954093,0.4513
c70958358,0.5917
c71035833,0.6696
c71078030,0.4438
c71167335,0.461
c71198866,0.5881
c71206085,0.6209
c71212630,0.5501
c71239991,0.6608
c71246653,0.439
c71258075,0.6737
c71405469,0.5806
c71434449,0.4686
c71503802,0.4945
c71506819,0.5378
c71514341,0.5739
c71534300,0.6373
c71588168,0.5387
c71645067,0.5281
c71659786,0.9596
c71670116,0.536
c71700931,0.8012
c71710816,0.5965
c71731862,0.5212
c71845245,0.4906
c71953067,0.623
c72007953,0.8444
c72013470,0.4226
c72023045,0.4979
c72029080,0.4864
c72034692,0.529
c72038421,0.5466
c72056573,0.5748
c72107648,0.5509
c72183806,0.5758
c72255697,0.5481
c72266817,0.6405
c72298383,0.5348
c72310063,0.8111
c72338194,0.5071
c72360965,0.5721
c72426578,0.5794
c72441444,0.4017
c72457715,0.6431
c72567139,0.5839
c72587775,0.5985
c72703408,0.437
c72708971,0.5883
c72730521,0.7625
c72743869,0.4221
c72762566,0.6107
c72766502,0.5267
c72767676,0.445
c72780703,0.5531
c72784004,0.7914
c72863273,0.5365
c72872511,0.4658
c72957562,0.9089
c72957811,0.5351
c72973194,0.6653
c72984199,0.7172
c73006240,0.573
c73031877,0.448
c73047162,0.4576
c73048693,0.7443
c73059005,0.474
c73061987,0.5665
c73106949,0.5443
c73123005,0.513
c73284725,0.545
c73348494,0.4991
c73417624,0.4755
c73461370,0.573
c73462909,0.5379
c73579500,0.6575
c73595381,0.8729
c73652462,0.525
c73656716,0.3809
c73668178,0.7
c73684069,0.5621
c73764182,0.571
c73857416,0.6405
c73898545,0.9459
c73901243,0.5927
c73904779,0.5044
c73908245,0.4562
c73974097,0.7351
c74024823,0.5059
c74052836,0.7476
c74060599,0.8109
c74109105,0.5863
c74164699,0.4768
c74181080,0.9343
c74254253,0.5674
c74258105,0.4571
c74421697,0.5728
c74445200,0.5799
c74460960,0.4195
c74463019,0.4854
c74471356,0.5361
c74495292,0.5765
c74539853,0.8192
c74560669,0.548
c74583345,0.4718
c74616731,0.4322
c74639662,0.4784
c74689620,0.5604
c74727516,0.5961
c74736890,0.456
c74808093,0.9266
c74834306,0.5134
c74835915,0.5553
c74910699,0.7598
c74985675,0.5285
c74989458,0.4507
c75007049,0.3673
c75045243,0.5338
c75073564,0.4165
c75085545,0.75
c75092332,0.3621
c75173133,0.7014
c75175988,0.5798
c75205066,0.9936
c75211329,0.4984
c75213474,0.4167
c75221514,0.7014
c75279478,0.6172
c75296385,0.9999
c75297932,0.5677
c75311138,0.4423
c75320344,0.6629
c75327418,0.3771
c75369057,0.6442
c75426197,0.4755
c75442494,0.6087
c75451685,0.4596
c75514154,0.7352
c75550548,0.5147
c75599327,0.8067
c75632327,0.5355
c75664062,0.6173
c75691928,0.7736
c75743680,0.6372
c75746185,0.5978
c75759193,0.4411
c75852692,0.4584
c75928459,0.6773
c75936131,0.534
c75963793,0.6725
c75974078,0.5428
c75995583,0.574
c76020687,0.9403
c76121677,0.7522
c76207671,0.406
c76217932,0.6125
c76232106,0.471
c76257272,0.4724
c76261662,0.6283
c76268464,0.5866
c76276368,0.7832
c76299393,0.5326
c76396782,0.5234
c76428232,0.57
c76449055,0.6361
c76461732,0.6113
c76498161,0.4711
c76529978,0.7609
c76579951,0.5992
c76621760,0.5859
c76746793,0.5858
c76772292,0.4872
c76859702,0.5971
c76933463,0.7745
c77065736,0.7384
c77091111,0.5764
c77116952,0.5575
c77161802,0.4028
c77166842,0.437
c77180628,0.537
c77184322,0.6826
c77189081,0.5428
c77209777,0.1291
c77222757,0.8107
c77299647,0.5716
c77329280,0.4801
c77381657,0.6334
c77456099,0.612
c77591833,0.4963
c77626056,0.5166
c77692017,0.464
c77720416,0.4603
c77722174,0.5959
c77733071,0.5098
c77749586,0.502
c77917534,0.5222
c77922327,0.6884
c77927718,0.5575
c77933010,0.7794
c77975027,0.6047
c77980167,0.4998
c77991113,0.5767
c78044520,0.5358
c78071016,0.5327
c78122264,0.5392
c78180253,0.4526
c78187127,0.5389
c78250826,0.5497
c78265491,0.5671
c78301909,0.911
c78330242,0.4978
c78347490,0.8364
c78359920,0.7137
c78416490,0.5386
c78444349,0.651
c78469391,0.5753
c78472565,0.6684
c78498558,0.2765
c78507916,0.6176
c78518227,0.5537
c78548971,0.6816
c78570645,0.7512
c78593940,0.2419
c78649683,0.2655
c78662343,0.8695
c78687760,0.4949
c78720395,0.8253
c78730579,0.4865
c78743192,0.4542
c78746831,0.8404
c78776691,0.5024
c78809155,0.4114
c78847940,0.8875
c78907562,0.2542
c78969478,0.448
c79069988,0.5005
c79080220,0.582
c79107190,0.5385
c79108797,0.4458
c79124045,0.5831
c79133804,0.5103
c79152571,0.5302
c79155863,0.4287
c79186991,0.5292
c79229217,0.5466
c79229241,0.3261
c79251321,0.4716
c79251500,0.8582
c79262632,0.5899
c79327903,0.417
c79342741,0.6567
c79357409,0.7151
c79411070,0.7812
c79458686,0.6536
c79515497,0.8273
c79537525,0.6743
c79560625,0.5082
c79565718,0.8668
c79570995,0.4928
c79573333,0.695
c79606753,0.9499
c79611672,0.3228
c79629864,0.5765
c79635991,0.7956
c79657401,0.4872
c79708051,0.4013
c79747130,0.7754
c79752200,0.5782
c79857760,0.9709
c79905094,0.6221
c79905434,0.6061
c79918917,0.4831
c79935019,0.7145
c79966938,0.8442
c79969714,0.4943
c80112789,0.6003
c80115195,0.3712
c80139782,0.5539
c80148176,0.4928
c80229071,0.5815
c80236143,0.4451
c80262165,0.5809
c80279709,0.7519
c80346075,0.4945
c80415067,0.5418
c80416252,0.5374
c80542099,0.4583
c80572213,0.7319
c80583963,0.4087
c80599143,0.2809
c80645230,0.5591
c80665697,0.5846
c80685927,0.5667
c80705686,0.436
c80840468,0.3746
c80844045,0.4755
c80846554,0.6019
c80866881,0.4801
c80909999,0.6283
c80926713,0.3917
c81014329,0.9
c81014655,0.5444
c81015843,0.5021
c81039016,0.4896
c81072544,0.5675
c81096126,0.6159
c81172192,0.7091
c81242133,0.5404
c81250300,0.5371
c81278482,0.4009
c81296841,0.5371
c81328703,0.6771
c81414660,0.5303
c81429609,0.4988
c81447766,0.7629
c81471486,0.3897
c81477677,0.6704
c81493763,0.4727
c81504214,0.5521
c81505351,0.5325
c81515039,0.4983
c81607015,0.5095
c81607630,0.5742
c81628736,0.5474
c81669142,0.6707
c81699186,0.5141
c81705779,0.6899
c81721852,0.5582
c81741114,0.8515
c81757033,0.5759
c81772991,0.4859
c81776017,0.8906
c81800180,0.6039
c81837337,0.8929
c81869860,0.5933
c81899492,0.5755
c81942274,0.6122
c81945008,0.4959
c81997623,0.8394
c82082011,0.589
c82115479,0.4623
c82182968,0.6737
c82298548,0.5351
c82300573,0.4173
c82304156,0.5778
c82306931,0.4719
c82358267,0.4928
c82374673,0.4435
c82430125,0.5325
c82481471,0.4089
c82484218,0.4143
c82558461,0.6389
c82571206,0.5586
c82574852,0.8097
c82598296,0.6545
c82624698,0.389
c82627662,0.575
c82635093,0.7628
c82648425,0.4538
c82660548,0.5405
c82669854,0.5682
c82673058,0.5756
c82706358,0.6246
c82717653,0.801
c82750907,0.4919
c82784115,0.4642
c82809872,0.4806
c82833567,0.5808
c82974607,0.5652
c83062171,0.582
c83111158,0.4687
c83154943,0.4412
c83179954,0.6891
c83224363,0.6967
c83278100,0.4721
c83284688,0.5004
c83300239,0.5558
c83303187,0.7098
c83359578,0.6277
c83427864,0.581
c83465642,0.3223
c83530375,0.5449
c83561585,0.5689
c83574490,0.625
c83575991,0.4913
c83578712,0.8327
c83581551,0.626
c83640516,0.4662
c83661622,0.596
c83686557,0.4331
c83701113,0.7441
c83738485,0.4617
c83777243,0.6414
c83812665,0.4144
c83829100,0.4674
c83862351,0.561
c83867188,0.5471
c83871353,0.7677
c83903217,0.4753
c83918498,0.6608
c83936023,0.4293
c83970386,0.6384
c84002489,0.4675
c84004263,0.6309
c84060129,0.7164
c84065187,0.8907
c84068327,0.6787
c84072814,0.5744
c84088310,0.1743
c84093412,0.447
c84181153,0.5667
c84189783,0.5608
c84206147,0.557
c84212066,0.7322
c84226455,0.6316
c84322639,0.493
c84388671,0.6662
c84527269,0.836
c84557485,0.4518
c84569840,0.5438
c84574773,0.1694
c84585874,0.6024
c84652598,0.5662
c84654954,0.7009
c84704239,0.6649
c84710314,0.5658
c84723279,0.4759
c84769928,0.4688
c84792661,0.3805
c84795766,0.6082
c84814932,0.6745
c84850914,0.4948
c84896002,0.7096
c84935942,0.3217
c84947105,0.8487
c84955951,0.6004
c84963727,0.3085
c85029253,0.4571
c85029665,0.5399
c85072852,0.7941
c85130595,0.6473
c85201106,0.6602
c85230220,0.4974
c85292970,0.4518
c85322921,0.6746
c85414429,0.5705
c85425409,0.613
c85452284,0.572
c85509507,0.8081
c85523381,0.5532
c85530372,0.9052
c85543047,0.4662
c85610700,0.6845
c85644516,0.5661
c85695434,0.6339
c85709286,0.5801
c85718401,0.632
c85787530,0.6436
c85951236,0.8758
c85987763,0.5406
c86004316,0.6716
c86100991,0.4192
c86205929,0.7763
c86304484,0.5675
c86305970,0.5601
c86314229,0.6338
c86381385,0.5768
c86397563,0.6442
c86406173,0.5224
c86443304,0.4385
c86467594,0.7799
c86492119,0.601
c86574952,0.5922
c86626417,0.4956
c86661644,0.6574
c86781558,0.8303
c86787153,0.7703
c86880442,0.3936
c86913295,0.4688
c86923250,0.6047
c86984273,0.518
c87104412,0.5546
c87227333,0.4918
c87234558,0.5783
c87249377,0.5536
c87337077,0.509
c87338361,0.5536
c87359958,0.5597
c87382548,0.4971
c87419019,0.576
c87419329,0.7387
c87422879,0.5484
c87543586,0.6347
c87578226,0.5327
c87597056,0.7495
c87599484,0.5068
c87613891,0.5946
c87647762,0.5705
c87652983,0.5318
c87653199,0.384
c87679783,0.2965
c87713524,0.6076
c87746164,0.4849
c87784426,0.5889
c87808648,0.5171
c87820703,0.8451
c87900152,0.4763
c87954455,0.6177
c87954696,0.8697
c87957589,0.573
c87968827,0.7681
c88004276,0.5108
c88019221,0.6102
c88066807,0.5186
c88126065,0.5727
c88155647,0.4394
c88210804,0.4989
c88232945,0.6461
c88284848,0.8219
c88289725,0.5576
c88314683,0.5694
c88346219,0.4912
c88357966,0.6093
c88372992,0.322
c88394053,0.819
c88399934,0.5374
c88419070,0.4637
c88515529,0.5467
c88649754,0.8519
c88709740,0.8704
c88743531,0.6136
c88785089,0.7172
c88894646,0.4688
c88949322,0.922
c88969344,0.4572
c88979682,0.4752
c89014567,0.783
c89060134,0.755
c89119876,0.6763
c89139006,0.94
c89145154,0.4502
c89160594,0.5527
c89186708,0.4556
c89190490,0.5584
c89242870,0.4829
c89245191,0.5238
c89261464,0.8828
c89323071,0.5716
c89366858,0.5474
c89432208,0.4087
c89441912,0.7185
c89448418,0.5971
c89486449,0.5494
c89554115,0.5065
c89593218,0.8116
c89641597,0.7877
c89648202,0.53
c89701144,0.59
c89709788,0.4627
c89723786,0.8796
c89726821,0.5884
c89762775,0.498
c89771496,0.6318
c89782999,0.5735
c89786191,0.477
c89901059,0.6227
c89925675,0.9794
c89932808,0.4282
c90007085,0.7474
c90015828,0.7654
c90030291,0.5847
c90058465,0.4909
c90110518,0.5734
c90124421,0.3088
c90125451,0.8007
c90140981,0.6247
c90150202,0.7982
c90150483,0.5721
c90160180,0.5048
c90190242,0.8282
c90191708,0.5932
c90209832,0.4586
c90230496,0.6019
c90318745,0.6848
c90355872,0.5545
c90400147,0.62
c90474089,0.3155
c90588925,0.5683
c90600205,0.5111
c90769371,0.2939
c90777071,0.6388
c90786484,0.5312
c90823121,0.5542
c90849962,0.5758
c90870830,0.6777
c90950169,0.3811
c90974371,0.6022
c90981705,0.5686
c91052548,0.6981
c91059949,0.8111
c91067371,0.5609
c91078183,0.4086
c91088976,0.7706
c91231422,0.6814
c91248524,0.544
c91280999,0.7486
c91326689,0.455
c91350550,0.4477
c91408444,0.5556
c91427028,0.5679
c91429717,0.4834
c91429882,0.4501
c91464376,0.3131
c91469140,0.5552
c91502825,0.7691
c91544017,0.4722
c91559817,0.7019
c91586449,0.513
c91667850,0.5097
c91697515,0.7913
c91752387,0.5432
c91810220,0.5652
c91824466,0.5036
c91828609,0.8365
c91877336,0.5624
c91881223,0.7749
c91903368,0.5517
c91911033,0.427
c91950052,0.8022
c91976909,0.6573
c92017444,0.5035
c92080962,0.6518
c92083748,0.5313
c92136245,0.5149
c92177984,0.5699
c92209579,0.4255
c92225498,0.5743
c92233460,0.4269
c92244570,0.4696
c92300595,0.4505
c92517332,0.6935
c92572350,0.6261
c92581846,0.5972
c92604110,0.4672
c92688527,0.4522
c92708610,0.2909
c92709261,0.5533
c92762825,0.9985
c92777131,0.6445
c92793221,0.4623
c92816671,0.4519
c92835485,0.7066
c92848951,0.559
c92867753,0.5854
c92881450,0.7662
c92886932,0.5142
c92920854,0.5428
c92926609,0.5262
c92950135,0.5363
c92952985,0.5797
c92964828,0.5432
c92975089,0.5842
c93016812,0.4793
c93140659,0.5776
c93212715,0.9327
c93314895,0.5606
c93369462,0.7828
c93394984,0.8428
c93408332,0.6789
c93439687,0.4615
c93453593,0.2448
c93496667,0.3047
c93697692,0.6934
c93702982,0.4251
c93715000,0.6165
c93783792,0.5186
c93857296,0.4631
c93890752,0.6737
c93895743,0.5083
c93899161,0.5793
c93907655,0.4074
c93923667,0.4636
c93927997,0.8792
c93948350,0.5542
c93973547,0.6193
c93999861,0.5127
c94149670,0.7215
c94151043,0.4669
c94181501,0.5655
c94296669,0.5676
c94304508,0.5376
c94314147,0.5516
c94363712,0.9972
c94368469,0.7525
c94392898,0.6821
c94436488,0.6591
c94521466,0.5674
c94532233,0.6122
c94549372,0.4989
c94696999,0.6623
c94697771,0.7566
c94795037,0.6422
c94812686,0.6991
c94831309,0.5604
c94853823,0.5347
c94855930,0.3821
c94869724,0.7657
c94895034,0.6985
c94902893,0.5894
c94912160,0.8271
c94924046,0.7076
c94944437,0.544
c94979722,0.4544
c94982599,0.8814
c95026718,0.5879
c95044835,0.5282
c95058082,0.6222
c95178075,0.5101
c95182343,0.4022
c95238092,0.5668
c95242681,0.4914
c95302492,0.8344
c95341167,0.7135
c95353051,0.4903
c95367163,0.5062
c95379706,0.3614
c95427066,0.5578
c95451391,0.5508
c95467579,0.5322
c95510352,0.604
c95542078,0.7234
c95628521,0.338
c95639885,0.5395
c95662915,0.5701
c95685147,0.3799
c95739298,0.3517
c95745999,0.5762
c95749259,0.5636
c95764517,0.7413
c95771818,0.7334
c95822722,0.5757
c95967708,0.7334
c95980608,0.4967
c95983185,0.4772
c96027378,0.6665
c96050113,0.6272
c96119633,0.5632
c96255825,0.6275
c96296713,0.8566
c96344468,0.5519
c96492934,0.7091
c96510637,0.7953
c96568571,0.8849
c96629040,0.4273
c96665850,0.5369
c96685101,0.6049
c96713867,0.912
c96737946,0.4657
c96750804,0.5564
c96774098,0.735
c96778005,0.3349
c96820574,0.6472
c96849306,0.5157
c96852871,0.4722
c96871799,0.4615
c96911279,0.7159
c96932434,0.7396
c96935175,0.5344
c96942292,0.4731
c96972216,0.4895
c96972932,0.5073
c97007787,0.7688
c97012924,0.4492
c97035218,0.4989
c97035865,0.7961
c97121977,0.357
c97139933,0.4844
c97154109,0.7615
c97159461,0.3362
c97161779,0.4942
c97173840,0.4792
c97185538,0.5382
c97323362,0.5129
c97378565,0.4707
c97448349,0.5869
c97510581,0.4907
c97542497,0.5388
c97550176,0.6465
c97575111,0.5105
c97577718,0.5386
c97665639,0.6373
c97667272,0.6286
c97704796,0.3439
c97719399,0.5719
c97729064,0.794
c97749425,0.466
c97760758,0.5404
c97808716,0.3842
c97811641,0.5706
c97884554,0.5297
c97956330,0.5865
c97959834,0.6119
c98012331,0.6075
c98033170,0.7781
c98046675,0.7167
c98047531,0.453
c98049383,0.993
c98050891,0.563
c98138357,0.6418
c98179639,0.3798
c98313230,0.7761
c98324684,0.4616
c98331304,0.9302
c98331532,0.5883
c98369156,0.6162
c98432141,0.9283
c98496275,0.6722
c98583064,0.5275
c98635787,0.8137
c98649639,0.4797
c98657306,0.3428
c98700561,0.4342
c98716738,0.3752
c98738675,0.4859
c98789290,0.4675
c98827466,0.9304
c98891665,0.7274
c98928009,0.8055
c98955428,0.637
c98984715,0.534
c99040950,0.6044
c99046066,0.6449
c99116292,0.5695
c99148295,0.8132
c99161281,0.4882
c99171130,0.4604
c99214887,0.4919
c99230168,0.395
c99277667,0.6087
c99306227,0.6413
c99322287,0.6685
c99436180,0.5454
c99474999,0.4546
c99712394,0.6393
c99717892,0.572
c99827925,0.6103
c99863568,0.488
c99911676,0.473
c99936245,0.8816
c99976540,0.6356
